full_path,department,college,page_number,chapter_title,similarity_score,matched_query,source,label,originalIndex,audited,audit_value
/projects/open_etds/etd/dissertation/26022/Thesis.pdf,Engineering Mechanics,Engineering,65,Chapter 6: Conclusions,0.7404899033,conclusions,toc_analysis,CONCLUSION,26,True,accept
/projects/open_etds/etd/dissertation/78907/Waldron_CM_D_2017.pdf,Food Science and Technology,Other,100,Conclusion,,manual_conclusion,manual_labels,CONCLUSION,313,True,accept
/projects/open_etds/etd/dissertation/27063/JSJohnson.pdf,Adult Learning and Human Resource Development,Education,82,Chapter 5: Summary and Conclusions,0.766891166,summary and conclusions,toc_analysis,CONCLUSION|SUMMARY,75,True,accept
/projects/open_etds/etd/dissertation/30064/hopkinson_etd_2007.pdf,Mechanical Engineering,Engineering,125,Chapter 5 - Summary and Conclusions,0.7682635621,summary and conclusions,toc_analysis,CONCLUSION|SUMMARY,198,True,accept
/projects/open_etds/etd/dissertation/26625/Main-text.pdf,Chemistry,Sciences,182,Chapter 7. Conclusions,0.7552202313,conclusions,toc_analysis,CONCLUSION,58,True,accept
/projects/open_etds/etd/dissertation/77515/Michaelides_M_D_2017.pdf,Economics,Business,198,Chapter 7 Summary and Conclusions,,manual_conclusion,manual_labels,SUMMARY|CONCLUSION,300,True,accept
/projects/open_etds/etd/dissertation/77026/Erwin_SH_D_2017.pdf,Mathematics,Sciences,128,Chapter 6 Conclusion,,manual_conclusion,manual_labels,CONCLUSION,285,True,accept
/projects/open_etds/etd/dissertation/29654/Layman.Dissertation_Finalc.pdf,Macromolecular Science and Engineering,Engineering,298,Chapter 13. Suggested Future Work,0.7451819163,suggestions for future work,toc_analysis,FUTURE_WORK,183,True,accept
/projects/open_etds/etd/dissertation/37788/ZHANG_C_D_2012.pdf,Agricultural and Applied Economics,Business,159,Chapter 5_conclusion_5_4 kjb comments,0.6172099055,concluding remarks,toc_analysis,CONCLUSION,214,True,accept
/projects/open_etds/etd/dissertation/30128/GWilliamsPrincipalsPractices121208R.pdf,Educational Leadership and Policy Studies,Education,108,Chapter Three: Findings,0.6129978257,overall conclusions,toc_analysis,NONE,200,True,accept
/projects/open_etds/etd/dissertation/27101/AnnFornofDissertationFinal.pdf,Macromolecular Science and Engineering,Engineering,175,Chapter 8: Suggested Future Work,0.7683268428,suggestions for future work,toc_analysis,FUTURE_WORK,77,True,accept
/projects/open_etds/etd/dissertation/23743/Hwang_K_D_2013.pdf,School of Public and International Affairs,Social Sciences & Humanities,176,CHAPTER 6. CONCLUSION,0.7188285493,conclusion,toc_analysis,CONCLUSION,10,True,accept
/projects/open_etds/etd/dissertation/80573/Huhman_BM_D_2017.pdf,Electrical Engineering,Engineering,168,Chapter 5 Conclusions and Future Work,0.6436447828,recommendations for future research,toc_analysis,CONCLUSION|FUTURE_WORK,324,True,accept
/projects/open_etds/etd/dissertation/28087/ITSNET.pdf,Public Administration and Public Affairs,Social Sciences & Humanities,154,"CHAPTER VIII. OVERVIEW, EVALUATION, AND CONCLUSIONS",0.6645484844,summary and conclusions,toc_analysis,CONCLUSION|SUMMARY,128,True,accept
/projects/open_etds/etd/dissertation/73509/Judd_JP_D_2015.pdf,Civil and Environmental Engineering,Engineering,294,Chapter 9 CONCULSIONS,0.6489261756,conclusions,toc_analysis,CONCLUSION,268,True,accept
/projects/open_etds/etd/dissertation/28283/Brown.pdf,Teaching and Learning,Education,62,Chapter 5: Discussion and Conclusions,0.7796197678,discussion and conclusions,toc_analysis,CONCLUSION|DISCUSSION,134,True,accept
/projects/open_etds/etd/dissertation/27841/YanLiangDissertation.pdf,Agricultural and Applied Economics,Business,125,CHAPTER 7: CONCLUSIONS,0.7514207604,conclusions,toc_analysis,CONCLUSION,116,True,accept
/projects/open_etds/etd/dissertation/28651/Barbosa_ETD.pdf,Electrical and Computer Engineering,Engineering,216,Chapter 6. General Conclusion,0.6895926987,overall conclusions,toc_analysis,CONCLUSION,148,True,accept
/projects/open_etds/etd/dissertation/27114/MacLeanDissertation.pdf,Aerospace and Ocean Engineering,Engineering,232,CHAPTER 7: Concluding Remarks,0.8072681463,concluding remarks,toc_analysis,CONCLUSION,78,True,accept
/projects/open_etds/etd/dissertation/74881/Nottingham_L_D_2017.pdf,Entomology,Sciences,117,CHAPTER FIVE Conclusions and Parting Remarks,,manual_conclusion,manual_labels,CONCLUSION,279,True,accept
/projects/open_etds/etd/dissertation/27783/Fu_D_D_2010.pdf,Electrical and Computer Engineering,Engineering,194,Chapter 5 Conclusion,0.731763812,conclusion,toc_analysis,CONCLUSION,111,True,accept
/projects/open_etds/etd/dissertation/28393/Final.pdf,Electrical and Computer Engineering,Engineering,168,Chapter 6 Conclusion and Future Work,0.6058197877,suggestions for future work,toc_analysis,CONCLUSION|FUTURE_WORK,139,True,accept
/projects/open_etds/etd/dissertation/79792/Bowden_ZE_D_2016.pdf,Business Information Technology,Business,112,Chapter 5: Summary and Directions for Future Research,0.6636426854,recommendations for future research,toc_analysis,SUMMARY|FUTURE_WORK,320,True,accept
/projects/open_etds/etd/dissertation/30217/Kim_S_D_2009.pdf,Curriculum and Instruction,Education,107,Chapter Five: Discussion,0.6667467641,discussion and conclusions,toc_analysis,DISCUSSION,202,True,accept
/projects/open_etds/etd/dissertation/11228/Rosario_Dissertation.pdf,Chemistry,Sciences,204,Chapter 8: Future Work,0.6821991586,future work,toc_analysis,FUTURE_WORK,6,True,accept
/projects/open_etds/etd/dissertation/27808/ETDricci.pdf,Human Development,Social Sciences & Humanities,130,CHAPTER V: FINDINGS,0.6127567054,overall conclusions,toc_analysis,FINDINGS,112,True,accept
/projects/open_etds/etd/dissertation/73143/Flores_Solano_FX_D_2015.pdf,Civil and Environmental Engineering,Engineering,224,Chapter 8_Summary&Conclusions_3_11_2015,0.6374072211,summary and conclusions,toc_analysis,CONCLUSION|SUMMARY,264,True,accept
/projects/open_etds/etd/dissertation/81206/Maher_MP_D_2017.pdf,Counselor Education,Education,94,Conclusions,,manual_conclusion,manual_labels,CONCLUSION,328,True,accept
/projects/open_etds/etd/dissertation/29107/HURHKdissertation.pdf,Aerospace and Ocean Engineering,Engineering,289,Chapter 11 Summary and Conclusion,0.6752464657,summary and conclusions,toc_analysis,CONCLUSION|SUMMARY,166,True,accept
/projects/open_etds/etd/dissertation/81138/Kavanaugh_JW_D_2017.pdf,"Human Nutrition, Foods and Exercise",Health & Medical Sciences,103,CHAPTER 6: LIMITATIONS & FUTURE DIRECTIONS,,manual_future_work,manual_labels,LIMITATIONS|FUTURE_WORK,327,True,accept
/projects/open_etds/etd/dissertation/29246/Alexander_WN_D_2011.pdf,Aerospace and Ocean Engineering,Engineering,179,Chapter 8 Conclusion_v3.pdf,0.612614182,conclusion,toc_analysis,CONCLUSION,171,True,accept
/projects/open_etds/etd/dissertation/77915/Guevara_VE_D_2017.pdf,Geosciences,Sciences,230,Chapter 6. Concluding Remarks,,manual_conclusion,manual_labels,CONCLUSION,305,True,accept
/projects/open_etds/etd/dissertation/26782/Chigani_Amine_D_2011.pdf,Computer Science and Applications,Engineering,171,CHAPTER 8: CONCLUDING REMARKS AND FUTURE WORK,0.6697709383,concluding remarks,toc_analysis,CONCLUSION|FUTURE_WORK,65,True,accept
/projects/open_etds/etd/dissertation/27489/etd.pdf,Industrial and Systems Engineering,Engineering,156,CHAPTER 6 - DISCUSSION,0.6231781363,discussion and conclusions,toc_analysis,DISCUSSION,86,True,accept
/projects/open_etds/etd/dissertation/75109/Zhong_S_D_2017.pdf,Electrical and Computer Engineering,Engineering,134,Chapter 6: Contributions and Further Research,0.6253885972,further research,toc_analysis,FUTURE_WORK,282,True,accept
/projects/open_etds/etd/dissertation/77245/etd-10242011-233649_Rodriguez_KA_T_2011_f1.pdf,Materials Science and Engineering,Engineering,127,Chapter 8. Summarized Results and Conclusions,0.7034550783,summary and conclusions,toc_analysis,CONCLUSION|SUMMARY,292,True,accept
/projects/open_etds/etd/dissertation/29693/submit-11-29.pdf,Engineering Science and Mechanics,Engineering,303,Chapter 7 Conclusions,0.7268737822,overall conclusions,toc_analysis,CONCLUSION,185,True,accept
/projects/open_etds/etd/dissertation/64457/Najafi_S_D_2016.pdf,Civil and Environmental Engineering,Engineering,131,"Chapter 7 - Summary, Findings, Conclusions, and Recommendations",0.7045885143,summary and conclusions,toc_analysis,CONCLUSION|RECOMMENDATIONS|SUMMARY,256,True,accept
/projects/open_etds/etd/dissertation/26507/dissertationcampbellrevised.pdf,Educational Leadership and Policy Studies,Education,125,Chapter 5: Discussion,0.650066977,discussion and conclusions,toc_analysis,DISCUSSION,47,True,accept
/projects/open_etds/etd/dissertation/27990/Eraydin-Dissertation.pdf,Mining and Minerals Engineering,Engineering,237,Microsoft Word - CHAPTER 6 - CONCLUSIONS,0.6162960674,summary and conclusions,toc_analysis,CONCLUSION,120,True,accept
/projects/open_etds/etd/dissertation/26152/WCC_Dissertation.pdf,Electrical and Computer Engineering,Engineering,117,Chapter 6. Discussion and Conclusion,0.7527454866,discussion and conclusions,toc_analysis,CONCLUSION|DISCUSSION,34,True,accept
/projects/open_etds/etd/dissertation/26415/dissfd.pdf,Teaching and Learning,Education,81,CHAPTER 4: RESULTS AND DISCUSSION,0.6404846067,discussion and conclusions,toc_analysis,DISCUSSION,43,True,accept
/projects/open_etds/etd/dissertation/29436/McLendon_PM_D_2009.pdf,Chemistry,Sciences,206,Chapter 7 - Conclusions,0.7410896576,conclusions,toc_analysis,CONCLUSION,175,True,accept
/projects/open_etds/etd/dissertation/29655/SalzeDissertation.pdf,Biomedical and Veterinary Sciences,Engineering,225,Chapter XI. General conclusions,0.6837993648,overall conclusions,toc_analysis,CONCLUSION,184,True,accept
/projects/open_etds/etd/dissertation/27841/YanLiangDissertation.pdf,Agricultural and Applied Economics,Business,104,CHAPTER 6: RESULTS AND DISCUSSION,0.64929201,discussion and conclusions,toc_analysis,DISCUSSION,115,True,accept
/projects/open_etds/etd/dissertation/27020/Miller_WD_2010_F1_Title_Dissertation_Appendices.pdf,Teaching and Learning,Education,133,Chapter 5 – Conclusions and Suggested Guidelines,0.6268654906,discussion and conclusions,toc_analysis,CONCLUSION|RECOMMENDATIONS,74,True,accept
/projects/open_etds/etd/dissertation/74426/Angeles_Adames_MD_D_2017.pdf,Environmental Design and Planning,Agriculture & Environmental Sciences,360,Conclusions,,manual_conclusion,manual_labels,CONCLUSION,278,True,accept
/projects/open_etds/etd/dissertation/26488/Jeffrey_TR_D_2010.pdf,Teaching and Learning,Education,224,Chapter 5: Discussion,0.650066977,discussion and conclusions,toc_analysis,DISCUSSION,46,True,accept
/projects/open_etds/etd/dissertation/27705/Seamans.pdf,Instructional Technology,Education,58,"Chapter 3 - Data Collection, Analysis, Conclusions",0.6057385409,discussion and conclusions,toc_analysis,CONCLUSION,103,True,accept
/projects/open_etds/etd/dissertation/79428/Timpano_AJ_D_2017.pdf,Forest Resources and Environmental Conservation,Agriculture & Environmental Sciences,88,6. CHAPTER 6 - CONCLUSIONS,0.703188662,conclusions,toc_analysis,CONCLUSION,316,True,accept
/projects/open_etds/etd/dissertation/27571/SenseofPlaceandNewUrbanism.pdf,Environmental Design and Planning,Agriculture & Environmental Sciences,96,CHAPTER 5: DISCUSSION,0.650066977,discussion and conclusions,toc_analysis,DISCUSSION,96,True,accept
/projects/open_etds/etd/dissertation/49554/Hearn_CW_D_2012.pdf,Electrical and Computer Engineering,Engineering,126,8 Chapter - Conclusions,0.6928948216,overall conclusions,toc_analysis,CONCLUSION,232,True,accept
/projects/open_etds/etd/dissertation/39337/Husser-Dissertation.pdf,Human Development,Social Sciences & Humanities,70,CHAPTER V - DISCUSSION AND IMPLICATIONS,0.7028045998,discussion and conclusions,toc_analysis,DISCUSSION|IMPLICATIONS,223,True,accept
/projects/open_etds/etd/dissertation/25945/MSankirPhDDissertation.pdf,Macromolecular Science and Engineering,Engineering,305,Chapter8Suggested Future Research.pdf,0.6770385141,recommendations for future research,toc_analysis,FUTURE_WORK,17,True,accept
/projects/open_etds/etd/dissertation/27761/Kook_Ph_D_Dissertation3.pdf,Electrical and Computer Engineering,Engineering,191,Chapter 7 Conclusions and Implications,0.6753522037,overall conclusions,toc_analysis,CONCLUSION|IMPLICATIONS,110,True,accept
/projects/open_etds/etd/dissertation/56569/Hunter_DN_D_2015.pdf,Engineering Education,Engineering,96,Chapter 5. Discussion and Conclusion,0.7423694152,discussion and conclusions,toc_analysis,CONCLUSION|DISCUSSION,251,True,accept
/projects/open_etds/etd/dissertation/19290/DeValve_CJ_D_2013.pdf,Mechanical Engineering,Engineering,144,Chapter 7: Conclusions and Future Work,0.6240271942,recommendations for future research,toc_analysis,CONCLUSION|FUTURE_WORK,8,True,accept
/projects/open_etds/etd/dissertation/26598/licombs_dissertation_ETD_final.pdf,Curriculum and Instruction,Education,135,Chapter 5: Conclusions and Recommendations,0.6699565813,overall conclusions,toc_analysis,CONCLUSION|RECOMMENDATIONS,56,True,accept
/projects/open_etds/etd/dissertation/28726/J_Bryson_Dissertation_9222009.pdf,Chemistry,Sciences,173,Chapter 8 future work,0.6828190508,suggestions for future work,toc_analysis,FUTURE_WORK,149,True,accept
/projects/open_etds/etd/dissertation/29654/Layman.Dissertation_Finalc.pdf,Macromolecular Science and Engineering,Engineering,293,Chapter 12. Summary and Conclusions,0.7636727332,summary and conclusions,toc_analysis,CONCLUSION|SUMMARY,182,True,accept
/projects/open_etds/etd/dissertation/77520/Miller_DV_D_2017.pdf,Biochemistry,Sciences,194,Conclusions,,manual_conclusion,manual_labels,CONCLUSION,301,True,accept
/projects/open_etds/etd/dissertation/80439/Linder-Zarankin_M_D_2017.pdf,Government and International Affairs,Social Sciences & Humanities,107,CHAPTER SEVEN: CONCLUSIONS,,manual_conclusion,manual_labels,CONCLUSION,321,True,accept
/projects/open_etds/etd/dissertation/76736/Deramo_MC_D_2017.pdf,Political Science,Other,194,Chapter 8 Conclusion: Making a Home in a Country That is not Yours,,manual_conclusion,manual_labels,CONCLUSION,284,True,accept
/projects/open_etds/etd/dissertation/11204/TBSdiss.pdf,Biology,Sciences,244,Chapter 8 Conclusions,,manual_conclusion,manual_labels,CONCLUSION,4,True,accept
/projects/open_etds/etd/dissertation/27268/ETD_final_submit.pdf,Electrical and Computer Engineering,Engineering,185,Chapter 5. Conclusions and Future Work,0.6288906266,overall conclusions,toc_analysis,CONCLUSION|FUTURE_WORK,79,True,accept
/projects/open_etds/etd/dissertation/79414/Karpin_GW_D_2017.pdf,Chemistry,Sciences,89,5. Conclusions,,manual_conclusion,manual_labels,CONCLUSION,315,True,accept
/projects/open_etds/etd/dissertation/26751/Watson_Dissertation.pdf,Teaching and Learning,Education,136,Chapter 4: Results and Discussion,0.6303776443,discussion and conclusions,toc_analysis,DISCUSSION,61,True,accept
/projects/open_etds/etd/dissertation/47353/Laughlin_AM_D_2014.pdf,Educational Leadership and Policy Studies,Education,111,Chapter Five Discussion,0.6040319595,discussion and conclusions,toc_analysis,DISCUSSION,227,True,accept
/projects/open_etds/etd/dissertation/27269/dissertation_fong.pdf,Industrial and Systems Engineering,Engineering,127,Chapter 7 Conclusions and Research,0.6846690848,conclusions,toc_analysis,CONCLUSION,80,True,accept
/projects/open_etds/etd/dissertation/77439/Tang_H_D_2017.pdf,Geosciences,Sciences,120,Chapter 5 Future Works,,manual_future_work,manual_labels,FUTURE_WORK,299,True,accept
/projects/open_etds/etd/dissertation/25953/DISSERTATION_FINAL_JDW.pdf,Sociology,Social Sciences & Humanities,136,Chapter 8: Summary & Directions for Future Research,0.6641821209,recommendations for future research,toc_analysis,SUMMARY|FUTURE_WORK,18,True,accept
/projects/open_etds/etd/dissertation/26018/TCassinoDissertation.pdf,Chemical Engineering,Engineering,122,Chapter 5: Conclusions and Future Work,0.6422467529,recommendations for future research,toc_analysis,CONCLUSION|FUTURE_WORK,25,True,accept
/projects/open_etds/etd/dissertation/56962/Cowgill_KH_D_2015.pdf,Forest Resources and Environmental Conservation,Agriculture & Environmental Sciences,96,Chapter five: Conclusions,0.7622584225,overall conclusions,toc_analysis,CONCLUSION,253,True,accept
/projects/open_etds/etd/dissertation/81701/Xie_Y_D_2018.pdf,Physics,Sciences,87,Chapter 9 Conclusions,,manual_conclusion,manual_labels,CONCLUSION,330,True,accept
/projects/open_etds/etd/dissertation/51247/D_Adamo-Damery_PC_D_2015.pdf,Agricultural and Extension Education,Education,198,CHAPTER 6: CONLUSION,0.7324811141,conclusion,toc_analysis,CONCLUSION,241,True,accept
/projects/open_etds/etd/dissertation/29565/RosaAtkinsDissertationpdf.pdf,Educational Leadership and Policy Studies,Education,75,"CHAPTER 5 CONCLUSIONS, DISCUSSION, RECOMMENDATIONS FOR PRACTICE AND FUTURE RESEARCH, AND REFLECTIONS",0.6680298512,discussion and conclusions,toc_analysis,CONCLUSION|DISCUSSION|FUTURE_WORK|RECOMMENDATIONS,180,True,accept
/projects/open_etds/etd/dissertation/27419/Dissertation-Wenduo_Liu_revised0508.pdf,Electrical and Computer Engineering,Engineering,180,Chapter 8: Conclusions and Future Work,0.6247903432,recommendations for future research,toc_analysis,CONCLUSION|FUTURE_WORK,84,True,accept
/projects/open_etds/etd/dissertation/27816/dissertation-vt-saether.pdf,Engineering Science and Mechanics,Engineering,197,Chapter 7 Summary and Significance of the Current Research,0.7037666559,concluding remarks,toc_analysis,SUMMARY,113,True,accept
/projects/open_etds/etd/dissertation/28511/DanielsonDiss.pdf,Teaching and Learning,Education,94,Chapter 4: Discussion,0.6326166424,discussion and conclusions,toc_analysis,DISCUSSION,145,True,accept
/projects/open_etds/etd/dissertation/51748/He_F_D_2015.pdf,Mechanical Engineering,Engineering,100,Chapter 5. Conclusions and future work,0.6288906266,overall conclusions,toc_analysis,CONCLUSION|FUTURE_WORK,243,True,accept
/projects/open_etds/etd/dissertation/27858/RodlandETD.pdf,Geological Sciences,Other,118,CHAPTER SIX: CONCLUSIONS,0.7493492224,conclusions,toc_analysis,CONCLUSION,118,True,accept
/projects/open_etds/etd/dissertation/28452/flake_drying.pdf,Wood Science and Forest Products,Agriculture & Environmental Sciences,147,CHAPTER 6. CONCLUSIONS AND RECOMMENDATIONS,0.6594113576,summary and conclusions,toc_analysis,CONCLUSION|RECOMMENDATIONS,142,True,accept
/projects/open_etds/etd/dissertation/29533/Zaldivar_dissertation.pdf,Teaching and Learning,Education,108,Chapter 4: Discussion,0.6326166424,discussion and conclusions,toc_analysis,DISCUSSION,179,True,accept
/projects/open_etds/etd/dissertation/27517/Dissertation_whf.pdf,Electrical and Computer Engineering,Engineering,153,Chapter 6 Conclusions and Future Work,0.6489694724,overall conclusions,toc_analysis,CONCLUSION|FUTURE_WORK,92,True,accept
/projects/open_etds/etd/dissertation/79718/Crist_CA_D_2016.pdf,Food Science and Technology,Other,302,CHAPTER VIII Conclusions,,manual_conclusion,manual_labels,CONCLUSION,318,True,accept
/projects/open_etds/etd/dissertation/72956/Han_Y_D_2016.pdf,Civil and Environmental Engineering,Engineering,92,CHAPTER 5: CONCLUSIONS AND CONTRIBUTIONS,0.6640947904,conclusions,toc_analysis,CONCLUSION,261,True,accept
/projects/open_etds/etd/dissertation/26133/Amara_dissertation.pdf,Civil Engineering,Engineering,159,Chapter 5. FINDINGS AND CONCLUSIONS,0.6465145877,overall conclusions,toc_analysis,CONCLUSION,32,True,accept
/projects/open_etds/etd/dissertation/77891/Beskardes_GD_D_2017.pdf,Geosciences,Sciences,206,Chapter 5 Conclusion,,manual_conclusion,manual_labels,CONCLUSION,304,True,accept
/projects/open_etds/etd/dissertation/29783/DISSERTATION_SerkanUnal_pdf.pdf,Chemistry,Sciences,233,Chapter 10: Overall Conclusions,0.7739127917,overall conclusions,toc_analysis,CONCLUSION,188,True,accept
/projects/open_etds/etd/dissertation/29236/Li_XP_D_2009.pdf,Hospitality and Tourism Management,Business,138,CHAPTER V DISCUSSION AND CONCLUSIONS,0.7623328518,discussion and conclusions,toc_analysis,CONCLUSION|DISCUSSION,170,True,accept
/projects/open_etds/etd/dissertation/50619/Ngoyi_L_D_2013.pdf,Teaching and Learning,Education,103,"Chapter 5: Summary, Conclusions, Discussion, and Recommendations",0.7231121139,summary and conclusions,toc_analysis,CONCLUSION|DISCUSSION|RECOMMENDATIONS|SUMMARY,237,True,accept
/projects/open_etds/etd/dissertation/71862/Aleyao_B_D_2016.pdf,School of Public and International Affairs,Social Sciences & Humanities,78,Chapter four results analysis and discussion,1.0,results and discussion,manual_labels,DISCUSSION|RESULTS,335,True,accept
/projects/open_etds/etd/dissertation/28604/Younghan_JungSep_09.pdf,Environmental Design and Planning,Agriculture & Environmental Sciences,161,Chapter 7: Conclusions and Recommendations,0.6695291482,summary and conclusions,toc_analysis,CONCLUSION|RECOMMENDATIONS,147,True,accept
/projects/open_etds/etd/dissertation/26741/APHetdrev.pdf,Geological Sciences,Other,124,CHAPTER 6: Conclusion,0.7192438305,conclusion,toc_analysis,CONCLUSION,60,True,accept
/projects/open_etds/etd/dissertation/28008/ElkinsDissertation2.pdf,Chemistry,Sciences,309,Chapter 10 Suggested Future Work,0.7487888121,suggestions for future work,toc_analysis,FUTURE_WORK,121,True,accept
/projects/open_etds/etd/dissertation/25945/MSankirPhDDissertation.pdf,Macromolecular Science and Engineering,Engineering,303,Chapter7OverallConclusion.pdf,0.6043420996,overall conclusions,toc_analysis,CONCLUSION,16,True,accept
/projects/open_etds/etd/dissertation/11255/HenningBack.pdf,Physics,Sciences,148,Chapter 8: Conclusion,,manual_conclusion,manual_labels,CONCLUSION,7,True,accept
/projects/open_etds/etd/dissertation/37638/ETD_Hassouna_09_03.pdf,Environmental Design and Planning,Agriculture & Environmental Sciences,158,CHAPTER 6: IMPLICATIONS AND CONCLUSIONS,0.6715432254,discussion and conclusions,toc_analysis,CONCLUSION|IMPLICATIONS,212,True,accept
/projects/open_etds/etd/dissertation/27528/MAZdissertation05.05.05final.pdf,Chemistry,Sciences,131,CHAPTER 7. Recommendations for Future Work,0.7654152766,suggestions for future work,toc_analysis,FUTURE_WORK,95,True,accept
/projects/open_etds/etd/dissertation/26129/BJoonKimPhDETD.pdf,Public Administration and Public Affairs,Social Sciences & Humanities,115,"Chapter 5 Discussion, Implications and Conclusion",0.7208811618,discussion and conclusions,toc_analysis,CONCLUSION|DISCUSSION|IMPLICATIONS,31,True,accept
/projects/open_etds/etd/dissertation/25981/RBdist.pdf,Geological Sciences,Other,164,Chapter 8. CONCLUSIONS,0.7579226691,conclusions,toc_analysis,CONCLUSION,23,True,accept
/projects/open_etds/etd/dissertation/77097/etd-06052011-214800_Kim_JK_D_2011.pdf,Electrical and Computer Engineering,Engineering,116,Chapter 7 : Conclusion,0.713781699,conclusion,toc_analysis,CONCLUSION,288,True,accept
/projects/open_etds/etd/dissertation/77434/etd-12022016-195022_Zhang_Z_D_2016.pdf,Electrical and Computer Engineering,Engineering,177,Chapter 6 Conclusion and Future Work,0.6058197877,suggestions for future work,toc_analysis,CONCLUSION|FUTURE_WORK,298,True,accept
/projects/open_etds/etd/dissertation/26623/ImprovingSFE.pdf,Chemistry,Sciences,125,Chapter Six - Conclusions,0.7333559232,overall conclusions,toc_analysis,CONCLUSION,57,True,accept
/projects/open_etds/etd/dissertation/29522/CaseStudyUpload4.pdf,Educational Leadership and Policy Studies,Education,166,"Chapter 5: Discussion of Findings, Conclusions, Limitations",0.7034112365,discussion and conclusions,toc_analysis,CONCLUSION|DISCUSSION|LIMITATIONS,178,True,accept
/projects/open_etds/etd/dissertation/23921/Hofmann_J_D_2013.pdf,Learning Sciences and Technologies,Education,185,Chapter 6 : Conclusions and Recommendations for Future Research,0.7435955745,recommendations for future research,toc_analysis,CONCLUSION|FUTURE_WORK|RECOMMENDATIONS,11,True,accept
/projects/open_etds/etd/dissertation/47681/Al-Hamadi_HH_D_2014.pdf,Computer Science,Engineering,144,Chapter 7 Conclusion,0.6920997626,conclusion,toc_analysis,CONCLUSION,228,True,accept
/projects/open_etds/etd/dissertation/49399/Kumar_S_D_2012.pdf,Civil Engineering,Engineering,158,"Chapter 6. Summary, Conclusions and Recommendations",0.740519506,summary and conclusions,toc_analysis,CONCLUSION|RECOMMENDATIONS|SUMMARY,230,True,accept
/projects/open_etds/etd/dissertation/27293/fraticelli_dissertation.pdf,Industrial and Systems Engineering,Engineering,128,Chapter 6: Conclusions and Future Research,0.6832053992,recommendations for future research,toc_analysis,CONCLUSION|FUTURE_WORK,83,True,accept
/projects/open_etds/etd/dissertation/28946/Sophie.pdf,Aerospace and Ocean Engineering,Engineering,145,CHAPTER 6 CONCLUSIONS,0.7657702788,overall conclusions,toc_analysis,CONCLUSION,156,True,accept
/projects/open_etds/etd/dissertation/26297/ETD.pdf,Educational Leadership and Policy Studies,Education,177,Chapter 6: Summary and Conclusions,0.7793710323,summary and conclusions,toc_analysis,CONCLUSION|SUMMARY,40,True,accept
/projects/open_etds/etd/dissertation/79369/Chen_C_D_2017.pdf,Physics,Sciences,94,Chapter 7. Conclusion and Outlook,,manual_conclusion,manual_labels,CONCLUSION|FUTURE_WORK,314,True,accept
/projects/open_etds/etd/dissertation/27717/Swint_EB_D_2012.pdf,Electrical and Computer Engineering,Engineering,86,Chapter 6: Conclusions,0.7404899033,conclusions,toc_analysis,CONCLUSION,106,True,accept
/projects/open_etds/etd/dissertation/28955/dissertation.pdf,Industrial and Systems Engineering,Engineering,147,Chapter 6 Future Research,0.7138427741,recommendations for future research,toc_analysis,FUTURE_WORK,158,True,accept
/projects/open_etds/etd/dissertation/30001/Arana_AJ_D_2009.pdf,Electrical and Computer Engineering,Engineering,147,Chapter 6 Final remarks,0.7533430449,concluding remarks,toc_analysis,CONCLUSION,196,True,accept
/projects/open_etds/etd/dissertation/29017/CCdissertation_FinalVersion_REV.pdf,Teaching and Learning,Education,95,CHAPTER III: RESULTS AND DISCUSSION,0.6306795555,discussion and conclusions,toc_analysis,DISCUSSION,161,True,accept
/projects/open_etds/etd/dissertation/28071/ETD_JuanjuanSun.pdf,Electrical and Computer Engineering,Engineering,232,Chapter 5. Conclusions,0.7621218143,conclusions,toc_analysis,CONCLUSION,126,True,accept
/projects/open_etds/etd/dissertation/49549/Ali_AK_D_2012.pdf,Architecture,Social Sciences & Humanities,259,Chapter 6: Summary and Conclusion,0.7463248631,summary and conclusions,toc_analysis,CONCLUSION|SUMMARY,231,True,accept
/projects/open_etds/etd/dissertation/26929/Body.pdf,Science and Technology Studies,Social Sciences & Humanities,182,Chapter 5 – Summary and Conclusions,0.7463549321,summary and conclusions,toc_analysis,CONCLUSION|SUMMARY,68,True,accept
/projects/open_etds/etd/dissertation/37642/JMM_ETD.pdf,General Business (Accounting),Business,43,"CHAPTER 5 DISCUSSION, IMPLICATIONS AND LIMITATIONS",0.6528993063,discussion and conclusions,toc_analysis,DISCUSSION|IMPLICATIONS|LIMITATIONS,213,True,accept
/projects/open_etds/etd/dissertation/25959/DISSERTATION.pdf,Human Development,Social Sciences & Humanities,34,Chapter IV: Results and Discussion,0.6457940757,discussion and conclusions,toc_analysis,DISCUSSION,19,True,accept
/projects/open_etds/etd/dissertation/30128/GWilliamsPrincipalsPractices121208R.pdf,Educational Leadership and Policy Studies,Education,136,"Chapter Four: Conclusions, Discussion, Recommendations for Practice and Future Research, and Reflection",0.656191666,discussion and conclusions,toc_analysis,CONCLUSION|DISCUSSION|FUTURE_WORK|RECOMMENDATIONS,199,True,accept
/projects/open_etds/etd/dissertation/73671/Back_DR_D_2016.pdf,School of Public and International Affairs,Social Sciences & Humanities,242,Chapter Seven: Conclusion,0.7331853607,conclusion,toc_analysis,CONCLUSION,270,True,accept
/projects/open_etds/etd/dissertation/28421/MouETDSubmitted.pdf,Macromolecular Science and Engineering,Engineering,238,8. CHAPTER-8-Future and Suggested Research,0.6748547992,recommendations for future research,toc_analysis,FUTURE_WORK,141,True,accept
/projects/open_etds/etd/dissertation/25959/DISSERTATION.pdf,Human Development,Social Sciences & Humanities,69,Chapter V: Conclusions,0.7581656599,overall conclusions,toc_analysis,CONCLUSION,20,True,accept
/projects/open_etds/etd/dissertation/82349/Park_S_D_2018.pdf,Mechanical Engineering,Engineering,113,Chapter 7. Conclusions,0.7552202313,conclusions,toc_analysis,CONCLUSION,333,True,accept
/projects/open_etds/etd/dissertation/27528/MAZdissertation05.05.05final.pdf,Chemistry,Sciences,129,CHAPTER 6. Conclusions,0.7527831132,conclusions,toc_analysis,CONCLUSION,94,True,accept
/projects/open_etds/etd/dissertation/27269/dissertation_fong.pdf,Industrial and Systems Engineering,Engineering,130,Chapter 8 Future Research,0.7129443753,recommendations for future research,toc_analysis,FUTURE_WORK,81,True,accept
/projects/open_etds/etd/dissertation/26969/Swan_Dissertation_Complete_FinalETD_02May07.pdf,Industrial and Systems Engineering,Engineering,233,CHAPTER 6 – CONCLUSIONS AND FUTURE DIRECTIONS,0.6230853737,discussion and conclusions,toc_analysis,CONCLUSION|FUTURE_WORK,71,True,accept
/projects/open_etds/etd/dissertation/37638/ETD_Hassouna_09_03.pdf,Environmental Design and Planning,Agriculture & Environmental Sciences,140,CHAPTER 5: FINDINGS AND DISCUSSION,0.653654594,discussion and conclusions,toc_analysis,DISCUSSION,211,True,accept
/projects/open_etds/etd/dissertation/27601/Butler_WM_D_2012.pdf,Engineering Education,Engineering,145,Chapter 5: Discussion and Conclusions,0.7796197678,discussion and conclusions,toc_analysis,CONCLUSION|DISCUSSION,98,True,accept
/projects/open_etds/etd/dissertation/27605/MokaremDissertation.pdf,Civil Engineering,Engineering,83,CHAPTER 6: DISCUSSION AND ANALYSIS,0.6496973684,discussion and conclusions,toc_analysis,DISCUSSION,99,True,accept
/projects/open_etds/etd/dissertation/30215/Frank_2009.pdf,Entomology,Sciences,137,CHAPTER 7: CONCLUSIONS AND SUGGESTIONS FOR FUTURE RESEARCH,0.7256459985,recommendations for future research,toc_analysis,CONCLUSION|FUTURE_WORK,201,True,accept
/projects/open_etds/etd/dissertation/26969/Swan_Dissertation_Complete_FinalETD_02May07.pdf,Industrial and Systems Engineering,Engineering,201,CHAPTER 5 – DISCUSSION OF RESULTS,0.6405124921,discussion and conclusions,toc_analysis,DISCUSSION,70,True,accept
/projects/open_etds/etd/dissertation/25985/Dissertation.pdf,Biological Sciences,Other,128,CHAPTER VII: CONCLUSIONS,0.7413094561,overall conclusions,toc_analysis,CONCLUSION,24,True,accept
/projects/open_etds/etd/dissertation/26290/JDG-Dissertation-031209.pdf,Macromolecular Science and Engineering,Engineering,197,CHAPTER 8: Conclusions and Recommedations for Future Work,0.686552658,recommendations for future research,toc_analysis,CONCLUSION|FUTURE_WORK|RECOMMENDATIONS,38,True,accept
/projects/open_etds/etd/dissertation/55127/Younis_AM_D_2015.pdf,Mechanical Engineering,Engineering,89,Chapter 5 - Results and Discussion,0.6376673328,discussion and conclusions,toc_analysis,DISCUSSION,249,True,accept
/projects/open_etds/etd/dissertation/26937/Dissertation_final_etd_resubmitted_25_apr_07.pdf,Human Development,Social Sciences & Humanities,93,"Chapter V: Summary, Conclusions, and Recommendations",0.7255580011,summary and conclusions,toc_analysis,CONCLUSION|SUMMARY|RECOMMENDATIONS,69,True,accept
/projects/open_etds/etd/dissertation/73604/Liu_L_D_2016.pdf,"Human Nutrition, Foods, and Exercise",Health & Medical Sciences,167,Chapter 6 Conclusions and future direction,0.6490015162,discussion and conclusions,toc_analysis,CONCLUSION|FUTURE_WORK,269,True,accept
/projects/open_etds/etd/dissertation/28523/Strock_CM_D_2010.pdf,Civil Engineering,Engineering,220,06-CHAPTER 5-Conclusions FINAL,0.7072104239,overall conclusions,toc_analysis,CONCLUSION,146,True,accept
/projects/open_etds/etd/dissertation/28082/Romanus.Dissertation.pdf,Accounting and Information Systems,Engineering,98,Chapter 5: Limitations and Conclusions,0.662818805,overall conclusions,toc_analysis,CONCLUSION|LIMITATIONS,127,True,accept
/projects/open_etds/etd/dissertation/40012/1etd.pdf,Marketing,Business,102,Chapter 6 Conclusions,0.7427866221,conclusions,toc_analysis,CONCLUSION,224,True,accept
/projects/open_etds/etd/dissertation/27494/YamagiwaETD.pdf,Agricultural and Applied Economics,Business,218,Chapter 10. Results and discussion,0.6203800187,discussion and conclusions,toc_analysis,DISCUSSION,88,True,accept
/projects/open_etds/etd/dissertation/77034/Shah_P_D_2017.pdf,Engineering Science and Mechanics,Engineering,340,Chapter 7 Conclusions and Contributions,0.643403673,conclusions,toc_analysis,CONCLUSION,286,True,accept
/projects/open_etds/etd/dissertation/28918/SP_Dissertation.pdf,Civil Engineering,Engineering,104,Chapter 7: Conclusions and Recommendations for Further Research,0.7319691859,recommendations for future research,toc_analysis,CONCLUSION|FUTURE_WORK|RECOMMENDATIONS,155,True,accept
/projects/open_etds/etd/dissertation/77071/etd-05102010-061531_Gan_L_D_2010.pdf,Biology,Sciences,114,CHAPTER 7: IMPLICATIONS AND FUTURE DIRECTIONS,0.6280111479,recommendations for future research,toc_analysis,IMPLICATIONS|FUTURE_WORK,287,True,accept
/projects/open_etds/etd/dissertation/28766/seals_final_one.pdf,Computer Science,Engineering,260,CHAPTER 7. DISCUSSION AND CONCLUSIONS,0.7754169732,discussion and conclusions,toc_analysis,CONCLUSION|DISCUSSION,150,True,accept
/projects/open_etds/etd/dissertation/77329/etd-03262011-180142_Jones_SB_D_2011.pdf,Educational Leadership and Policy Studies,Education,243,Chapter Five: Summary and Conclusions,0.7772902082,summary and conclusions,toc_analysis,CONCLUSION|SUMMARY,295,True,accept
/projects/open_etds/etd/dissertation/51566/Herman_DJ_D_2015.pdf,Chemical Engineering,Engineering,119,"Chapter 8: Conclusions, Contributions, and Future Work",0.6191830704,discussion and conclusions,toc_analysis,CONCLUSION|FUTURE_WORK,242,True,accept
/projects/open_etds/etd/dissertation/40430/Byers_AS_D_2010.pdf,Teaching and Learning,Education,120,"Chapter 5: Discussions, Summary, Conclusions, and Implications",0.7252686345,discussion and conclusions,toc_analysis,CONCLUSION|DISCUSSION|IMPLICATIONS|SUMMARY,225,True,accept
/projects/open_etds/etd/dissertation/29003/Dissertation_YSL.pdf,Industrial and Systems Engineering,Engineering,104,CHAPTER 5. CONCLUSIONS,0.7621218143,conclusions,toc_analysis,CONCLUSION,160,True,accept
/projects/open_etds/etd/dissertation/39334/Yang_Taeyoung_D_2012.pdf,Electrical and Computer Engineering,Engineering,225,Chapter 7 Conclusions,0.7268737822,overall conclusions,toc_analysis,CONCLUSION,222,True,accept
/projects/open_etds/etd/dissertation/28145/LastTraderDissertation.pdf,Horticulture,Agriculture & Environmental Sciences,108,Chapter 5. Conclusions,0.7520288442,conclusions,toc_analysis,CONCLUSION,131,True,accept
/projects/open_etds/etd/dissertation/26297/1_ETD.pdf,Educational Leadership and Policy Studies,Education,177,Chapter 6: Summary and Conclusions,0.7793710323,summary and conclusions,toc_analysis,CONCLUSION|SUMMARY,39,True,accept
/projects/open_etds/etd/dissertation/51212/Colacino_K_D_2013.pdf,Biomedical Engineering,Engineering,87,Chapter 6. Conclusions and Future Work,0.6243832145,overall conclusions,toc_analysis,CONCLUSION|FUTURE_WORK,240,True,accept
/projects/open_etds/etd/dissertation/30278/farris_etd.pdf,Industrial and Systems Engineering,Engineering,182,CHAPTER 6: CONCLUSIONS,0.7374399659,conclusions,toc_analysis,CONCLUSION,206,True,accept
/projects/open_etds/etd/dissertation/29156/MathaiDissertation.pdf,Educational Leadership and Policy Studies,Education,85,Chapter Five: Discussion,0.6667467641,discussion and conclusions,toc_analysis,DISCUSSION,168,True,accept
/projects/open_etds/etd/dissertation/27831/RVMacriDissertation.pdf,Chemistry,Sciences,255,CHAPTER 6 – CONCLUSIONS AND FUTURE WORK,0.6080984658,suggestions for future work,toc_analysis,CONCLUSION|FUTURE_WORK,114,True,accept
/projects/open_etds/etd/dissertation/30278/farris_etd.pdf,Industrial and Systems Engineering,Engineering,147,CHAPTER 5: DISCUSSION,0.6214513896,discussion and conclusions,toc_analysis,DISCUSSION,205,True,accept
/projects/open_etds/etd/dissertation/30013/Doerzaph_Dissertation.pdf,Industrial and Systems Engineering,Engineering,125,Chapter 9 – Conclusions,0.696849578,conclusions,toc_analysis,CONCLUSION,197,True,accept
/projects/open_etds/etd/dissertation/27897/Onefilegood.pdf,Entomology,Sciences,131,Chapter VII: SUMMARY,0.6525769702,summary and conclusions,toc_analysis,SUMMARY,119,True,accept
/projects/open_etds/etd/dissertation/80480/Shanta_S_D_2017.pdf,"Education, Vocational-Technical",Education,95,"CHAPTER FIVE: CONCLUSIONS, IMPLICATIONS AND RECOMMENDATIONS",,manual_conclusion,manual_labels,CONCLUSION|IMPLICATIONS|RECOMMENDATIONS,323,True,accept
/projects/open_etds/etd/dissertation/80966/MacAuley_LE_D_2017.pdf,"Agricultural, Leadership, and Community Education",Education,250,CHAPTER 6: DISCUSSION/CONCLUSION,,manual_conclusion,manual_labels,DISCUSSION|CONCLUSION,326,True,accept
/projects/open_etds/etd/dissertation/77921/Wu_R_D_2017.pdf,Physics,Sciences,106,Chapter 5 Conclusion,,manual_conclusion,manual_labels,CONCLUSION,306,True,accept
/projects/open_etds/etd/dissertation/29153/thesis.pdf,Mechanical Engineering,Engineering,153,CHAPTER 4. CONCLUSIONS AND FUTURE WORK,0.6267064718,suggestions for future work,toc_analysis,CONCLUSION|FUTURE_WORK,167,True,accept
/projects/open_etds/etd/dissertation/46787/Zha_W_D_2014.pdf,Electrical and Computer Engineering,Engineering,139,Chapter 6 Conclusion,0.7111329823,conclusion,toc_analysis,CONCLUSION,226,True,accept
/projects/open_etds/etd/dissertation/47785/Sreedharan_Nair_S_D_2014.pdf,Electrical and Computer Engineering,Engineering,100,Chapter 8: Conclusion,0.7225262839,conclusion,toc_analysis,CONCLUSION,229,True,accept
/projects/open_etds/etd/dissertation/28955/dissertation.pdf,Industrial and Systems Engineering,Engineering,144,Chapter 5 Conclusions,0.7733607685,overall conclusions,toc_analysis,CONCLUSION,157,True,accept
/projects/open_etds/etd/dissertation/49674/Delgoshaei_P_D_2013.pdf,Engineering Education,Engineering,128,CHAPTER 7: CONCLUSIONS AND FUTURE DIRECTIONS,0.6382325767,discussion and conclusions,toc_analysis,CONCLUSION|FUTURE_WORK,234,True,accept
/projects/open_etds/etd/dissertation/11201/McCann_BR_D_2010.pdf,Human Development,Social Sciences & Humanities,115,7Chapter 5 Conclusions,0.7740216354,overall conclusions,toc_analysis,CONCLUSION,3,True,accept
/projects/open_etds/etd/dissertation/27849/Kumar_Dissertation_June17th.pdf,Management,Business,54,CHAPTER V: DISCUSSION,0.653399525,discussion and conclusions,toc_analysis,DISCUSSION,117,True,accept
/projects/open_etds/etd/dissertation/29483/RCW_Dissertation_ETD2.pdf,Civil Engineering,Engineering,147,Chapter 6 – Conclusions and Recommendations,0.6473908112,summary and conclusions,toc_analysis,CONCLUSION|RECOMMENDATIONS,176,True,accept
/projects/open_etds/etd/dissertation/74231/Borjigin_H_D_2015.pdf,Learning Sciences and Technologies,Education,168,Chapter 5. Conclusion and Recommended Future Research,0.7308608381,recommendations for future research,toc_analysis,CONCLUSION|FUTURE_WORK|RECOMMENDATIONS,276,True,accept
/projects/open_etds/etd/dissertation/28008/ElkinsDissertation2.pdf,Chemistry,Sciences,306,Chapter 9 Overall Conclusions,0.7474980551,overall conclusions,toc_analysis,CONCLUSION,122,True,accept
/projects/open_etds/etd/dissertation/80475/Schiewer_TM_D_2017.pdf,English,Social Sciences & Humanities,153,Chapter Seven: Conclusions,0.7665768147,conclusions,toc_analysis,CONCLUSION,322,True,accept
/projects/open_etds/etd/dissertation/77303/etd-12302009-002854_Khunjar_WO_D_2009.pdf,Civil Engineering,Engineering,139,CHAPTER 5 - CONCLUSIONS,,manual_conclusion,manual_labels,CONCLUSION,293,True,accept
/projects/open_etds/etd/dissertation/28098/ACH_thesis_final.pdf,Chemistry,Sciences,131,Chapter 8: Summary and Future Work,0.6067121432,suggestions for future work,toc_analysis,FUTURE_WORK|SUMMARY,129,True,accept
/projects/open_etds/etd/dissertation/27101/AnnFornofDissertationFinal.pdf,Macromolecular Science and Engineering,Engineering,172,Chapter 7: Overall Conclusions,0.771709248,overall conclusions,toc_analysis,CONCLUSION,76,True,accept
/projects/open_etds/etd/dissertation/26124/PHD_Dissertation_Vardakos_ver_2.pdf,Civil Engineering,Engineering,149,CHAPTER 10. General research conclusions,0.69552439,overall conclusions,toc_analysis,CONCLUSION,30,True,accept
/projects/open_etds/etd/dissertation/27437/Final_Dissertation.pdf,Electrical and Computer Engineering,Engineering,93,Chapter 7. Summary and Conclusions and Recommendations for Future Work,0.673816273,summary and conclusions,toc_analysis,CONCLUSION|FUTURE_WORK|RECOMMENDATIONS|SUMMARY,85,True,accept
/projects/open_etds/etd/dissertation/74990/Griffiths_DJ_D_2017.pdf,Mechanical Engineering,Engineering,122,Chapter 6. Concluding Remarks and Future work,0.6730046203,concluding remarks,toc_analysis,CONCLUSION|FUTURE_WORK,281,True,accept
/projects/open_etds/etd/dissertation/27747/Osorio_JM_D_2012.pdf,Biological Systems Engineering,Engineering,137,Chapter VI. Conclusions,0.7261610488,overall conclusions,toc_analysis,CONCLUSION,109,True,accept
/projects/open_etds/etd/dissertation/29710/04PCarrBody.pdf,Civil Engineering,Engineering,77,CHAPTER 4: SCOPE LIMITATIONS AND GOALS OF THIS RESEARCH,0.6306500509,research limitations,toc_analysis,LIMITATIONS,186,True,accept
/projects/open_etds/etd/dissertation/75155/Coleman_DS_D_2017.pdf,Teaching and Learning,Education,77,Chapter 5: Discussion,0.650066977,discussion and conclusions,toc_analysis,DISCUSSION,283,True,accept
/projects/open_etds/etd/dissertation/28291/ETD_Fred_D_Barlow_III.pdf,Electrical and Computer Engineering,Engineering,135,CHAPTER 10 Conclusions and Future Directions,0.6555914262,overall conclusions,toc_analysis,CONCLUSION|FUTURE_WORK,135,True,accept
/projects/open_etds/etd/dissertation/29740/tperry.pdf,Teaching and Learning,Education,133,Chapter 6: Discussion,0.6557705355,discussion and conclusions,toc_analysis,DISCUSSION,187,True,accept
/projects/open_etds/etd/dissertation/50546/Jia_B_D_2013.pdf,Industrial and Systems Engineering,Engineering,102,Chapter 5. Conclusions and Recommendations,0.6670985849,overall conclusions,toc_analysis,CONCLUSION|RECOMMENDATIONS,235,True,accept
/projects/open_etds/etd/dissertation/26469/srlonline_dissertation.pdf,Teaching and Learning,Education,108,Chapter Five: Discussion,0.6667467641,discussion and conclusions,toc_analysis,DISCUSSION,45,True,accept
/projects/open_etds/etd/dissertation/78449/Volk_DC_D_2017.pdf,Political Science,Other,347,Chapter 5 Conclusion: Reinventing Passing,,manual_conclusion,manual_labels,CONCLUSION,311,True,accept
/projects/open_etds/etd/dissertation/26891/LukeAMartin_Dissertation20110506.pdf,Mechanical Engineering,Engineering,92,a07_Chapter_5_conclusions_20110410,0.6483114014,overall conclusions,toc_analysis,CONCLUSION,67,True,accept
/projects/open_etds/etd/dissertation/77349/etd-04072009-003640_HaijaDissertationETD.pdf,Sociology,Social Sciences & Humanities,137,"Summary, Conclusion, and Recommendations",,manual_conclusion,manual_labels,SUMMARY|CONCLUSION|RECOMMENDATIONS,296,True,accept
/projects/open_etds/etd/dissertation/27489/etd.pdf,Industrial and Systems Engineering,Engineering,173,CHAPTER 7 - CONCLUSIONS,0.7410896576,conclusions,toc_analysis,CONCLUSION,87,True,accept
/projects/open_etds/etd/dissertation/29783/DISSERTATION_SerkanUnal_pdf.pdf,Chemistry,Sciences,237,Chapter 11: Suggested Future Work,0.7397511425,suggestions for future work,toc_analysis,FUTURE_WORK,189,True,accept
/projects/open_etds/etd/dissertation/27005/Dissertation-Mitra.pdf,Mining and Minerals Engineering,Engineering,173,CHAPTER 7: CONCLUSIONS AND RECOMMENDATIO,0.6567346499,concluding remarks,toc_analysis,CONCLUSION|RECOMMENDATIONS,72,True,accept
/projects/open_etds/etd/dissertation/29065/Adams_TE_D_2011.pdf,Civil Engineering,Engineering,226,Chapter 9 CONCLUSIONS,0.7454586654,conclusions,toc_analysis,CONCLUSION,162,True,accept
/projects/open_etds/etd/dissertation/24069/Al-Abbasi_OA_D_2013.pdf,Mechanical Engineering,Engineering,76,5 Chapter 5 – Results and Discussions,0.6189006144,discussion and conclusions,toc_analysis,DISCUSSION,13,True,accept
/projects/open_etds/etd/dissertation/26225/HertleinETD.pdf,Human Development,Social Sciences & Humanities,153,CHAPTER V: DISCUSSION,0.653399525,discussion and conclusions,toc_analysis,DISCUSSION,36,True,accept
/projects/open_etds/etd/dissertation/26119/finaletd.pdf,Instructional Technology,Education,139,CHAPTER FOUR: DISCUSSION,0.6410622119,discussion and conclusions,toc_analysis,DISCUSSION,29,True,accept
/projects/open_etds/etd/dissertation/29342/Johnson_RK_D_2010.pdf,Macromolecular Science and Engineering,Engineering,142,Chapter 6. Conclusions,0.7527831132,conclusions,toc_analysis,CONCLUSION,173,True,accept
/projects/open_etds/etd/dissertation/28462/AmitSharma-August07.pdf,Hospitality and Tourism Management,Business,155,Chapter Five: Conclusions and Discussion,0.744518783,discussion and conclusions,toc_analysis,CONCLUSION|DISCUSSION,144,True,accept
/projects/open_etds/etd/dissertation/53830/White_NA_D_2014.pdf,Biomedical Engineering,Engineering,237,Chapter 8: Research Summary and Future Work,0.638614294,recommendations for future research,toc_analysis,FUTURE_WORK|SUMMARY,247,True,accept
/projects/open_etds/etd/dissertation/28256/CPG_ETD.pdf,Industrial and Systems Engineering,Engineering,149,CHAPTER 5 SUMMARY AND CONCLUSION,0.686559061,summary and conclusions,toc_analysis,CONCLUSION|SUMMARY,133,True,accept
/projects/open_etds/etd/dissertation/73671/Back_DR_D_2016.pdf,School of Public and International Affairs,Social Sciences & Humanities,194,Chapter Six: Findings,0.6169366539,overall conclusions,toc_analysis,FINDINGS,271,True,accept
/projects/open_etds/etd/dissertation/26567/PFMDissertation.pdf,Aerospace and Ocean Engineering,Engineering,325,Chapter 10: Conclusions,0.7567402119,conclusions,toc_analysis,CONCLUSION,52,True,accept
/projects/open_etds/etd/dissertation/27583/Samur_Y_D_2012.pdf,Learning Sciences and Technologies,Education,142,Chapter 5: Discussion,0.650066977,discussion and conclusions,toc_analysis,DISCUSSION,97,True,accept
/projects/open_etds/etd/dissertation/64909/Wang_C_D_2014.pdf,Chemistry,Sciences,254,16_Chapter 10_Conclusions and Suggested Future Work,0.6387250266,suggestions for future work,toc_analysis,CONCLUSION|FUTURE_WORK,257,True,accept
/projects/open_etds/etd/dissertation/29619/Borgoltz_Dissertation.pdf,Aerospace and Ocean Engineering,Engineering,297,Chapter 8 - Conclusions,0.7375876502,conclusions,toc_analysis,CONCLUSION,181,True,accept
/projects/open_etds/etd/dissertation/30438/etd_2.pdf,Adult and Continuing Education,Education,181,Chapter VI: Summary and Conclusions,0.7957324817,summary and conclusions,toc_analysis,CONCLUSION|SUMMARY,207,True,accept
/projects/open_etds/etd/dissertation/28062/LMJ_Dissertation_ETD.pdf,Public Administration and Public Affairs,Social Sciences & Humanities,192,"Chapter 8 Conclusions, Suggestions and Implications",0.6833211443,discussion and conclusions,toc_analysis,CONCLUSION|IMPLICATIONS|RECOMMENDATIONS,125,True,accept
/projects/open_etds/etd/dissertation/26354/MJBlackwood.pdf,Environmental Design and Planning,Agriculture & Environmental Sciences,172,CHAPTER 7: CONCLUSIONS AND RECOMMENDATIONS,0.6695291482,summary and conclusions,toc_analysis,CONCLUSION|RECOMMENDATIONS,42,True,accept
/projects/open_etds/etd/dissertation/27495/dhalpinETD.pdf,Teaching and Learning,Education,138,CHAPTER III: RESULTS AND DISCUSSION,0.6306795555,discussion and conclusions,toc_analysis,DISCUSSION,91,True,accept
/projects/open_etds/etd/dissertation/73008/etd-12142009-004520_Bank_JN_D_2009.pdf,Electrical and Computer Engineering,Engineering,142,CONCLUSIONS AND FINAL REMARKS,,manual_conclusion,manual_labels,CONCLUSION,263,True,accept
/projects/open_etds/etd/dissertation/37186/dissertation_zhongyan.pdf,Civil Engineering,Engineering,211,Chapter 8. Conclusions and Recommendations,0.6544398102,overall conclusions,toc_analysis,CONCLUSION|RECOMMENDATIONS,209,True,accept
/projects/open_etds/etd/dissertation/28349/Ballard_Dissertation-2_Final.pdf,Biological Systems Engineering,Engineering,166,Chapter 7_Summary and Conclusions_final,0.7285450428,summary and conclusions,toc_analysis,CONCLUSION|SUMMARY,138,True,accept
/projects/open_etds/etd/dissertation/26078/vimjam_phd_dissertation.pdf,Electrical and Computer Engineering,Engineering,113,Chapter 8 Conclusions and Future Work,0.6419818669,recommendations for future research,toc_analysis,CONCLUSION|FUTURE_WORK,27,True,accept
/projects/open_etds/etd/dissertation/81824/Yuce_B_D_2018.pdf,Electrical and Computer Engineering,Engineering,181,Chapter 9 Conclusions,,manual_conclusion,manual_labels,CONCLUSION,331,True,accept
/projects/open_etds/etd/dissertation/28459/bieryla_phd_etd_v2.pdf,Mechanical Engineering,Engineering,89,Chapter 7 – Conclusions and Future Research,0.644372198,recommendations for future research,toc_analysis,CONCLUSION|FUTURE_WORK,143,True,accept
/projects/open_etds/etd/dissertation/54555/Peterson_AW_D_2014.pdf,Mechanical Engineering,Engineering,441,Chapter 12 Conclusions and Opportunities for Future Research,0.6861055695,recommendations for future research,toc_analysis,CONCLUSION|FUTURE_WORK,248,True,accept
/projects/open_etds/etd/dissertation/11079/SkaradzinskiNonlinearBehaviorofStockPrices.pdf,"Finance, Insurance, and Business Law",Business,48,CHAPTER V: CONCLUSION AND FURTHER STUDY,0.6512843959,concluding remarks,toc_analysis,CONCLUSION|FUTURE_WORK,1,True,accept
/projects/open_etds/etd/dissertation/77866/Haider_HA_D_2017.pdf,School of Public and International Affairs,Social Sciences & Humanities,88,Chapter 6: Conclusion,,manual_conclusion,manual_labels,CONCLUSION,303,True,accept
/projects/open_etds/etd/dissertation/77154/etd-08062009-143817_William_H_Butrtation_81909.pdf,Environmental Design and Planning,Agriculture & Environmental Sciences,235,Chapter 8 Conclusion,,manual_conclusion,manual_labels,CONCLUSION,290,True,accept
/projects/open_etds/etd/dissertation/77950/Darr_MN_D_2017.pdf,Entomology,Sciences,113,CHAPTER FIVE Conclusions,,manual_conclusion,manual_labels,CONCLUSION,307,True,accept
/projects/open_etds/etd/dissertation/27678/SullivanDissertation.pdf,Teaching and Learning,Education,140,CHAPTER 5: SUMMARY AND DISCUSSION,0.6123446995,summary and conclusions,toc_analysis,DISCUSSION|SUMMARY,102,True,accept
/projects/open_etds/etd/dissertation/29960/Grisso_Dissertation_Final.pdf,Mechanical Engineering,Engineering,105,Chapter 7: Conclusions,0.7514207604,conclusions,toc_analysis,CONCLUSION,195,True,accept
/projects/open_etds/etd/dissertation/77183/etd-02112010-010650_Oaks_KD_D_2010.pdf,Counselor Education,Education,58,Chapter 5: Discussion,0.650066977,discussion and conclusions,toc_analysis,DISCUSSION,291,True,accept
/projects/open_etds/etd/dissertation/39332/Wu_T_D_2012.pdf,Macromolecular Science and Engineering,Engineering,216,Chapter 9 Suggested Future Work,0.7171158041,suggestions for future work,toc_analysis,FUTURE_WORK,221,True,accept
/projects/open_etds/etd/dissertation/38694/Resop_JP_D_2010.pdf,Biological Systems Engineering,Engineering,106,PhD Final Resop Chapter 5 Conclusions,0.6798571285,overall conclusions,toc_analysis,CONCLUSION,216,True,accept
/projects/open_etds/etd/dissertation/27714/MatthewCashionDissertation.pdf,Chemistry,Sciences,225,Chapter 9 Overall Conclusions,0.7481367332,overall conclusions,toc_analysis,CONCLUSION,105,True,accept
/projects/open_etds/etd/dissertation/29369/DissertationFinal10_04pdf.pdf,Teaching and Learning,Education,187,"CHAPTER 7 – SUMMARY, DISCUSSION & CONCLUSIONS",0.70609704,summary and conclusions,toc_analysis,CONCLUSION|DISCUSSION|SUMMARY,174,True,accept
/projects/open_etds/etd/dissertation/27605/MokaremDissertation.pdf,Civil Engineering,Engineering,116,CHAPTER 7: CONCLUSIONS,0.7514207604,conclusions,toc_analysis,CONCLUSION,100,True,accept
/projects/open_etds/etd/dissertation/26276/BinYu_Dissertation.pdf,Civil Engineering,Engineering,142,Chapter 7 Conclusions and Future Work,0.6374466631,discussion and conclusions,toc_analysis,CONCLUSION|FUTURE_WORK,37,True,accept
/projects/open_etds/etd/dissertation/65148/Holter_CA_T_2016.pdf,Teaching and Learning,Education,85,"CHAPTER FIVE: CONCLUSIONS, IMPLICATIONS, AND RECOMMENDATIONS",0.6830021493,overall conclusions,toc_analysis,CONCLUSION|IMPLICATIONS|RECOMMENDATIONS,258,True,accept
/projects/open_etds/etd/dissertation/26771/NI_disseration.pdf,Aerospace and Ocean Engineering,Engineering,294,Chapter 7: Conclusions,0.7514207604,conclusions,toc_analysis,CONCLUSION,63,True,accept
/projects/open_etds/etd/dissertation/28775/Baughman_Sarah_D_2010.pdf,Agricultural and Extension Education,Education,106,Chapter 5: Discussion,0.650066977,discussion and conclusions,toc_analysis,DISCUSSION,152,True,accept
/projects/open_etds/etd/dissertation/26523/CNoelByrdDissertationrevised.pdf,Curriculum and Instruction,Education,75,Chapter 5: Discussion,0.650066977,discussion and conclusions,toc_analysis,DISCUSSION,48,True,accept
/projects/open_etds/etd/dissertation/55127/Younis_AM_D_2015.pdf,Mechanical Engineering,Engineering,125,Chapter 6 - Conclusions and Recommendations,0.6655467621,discussion and conclusions,toc_analysis,CONCLUSION|RECOMMENDATIONS,250,True,accept
/projects/open_etds/etd/dissertation/79749/Johnston_CD_D_2017.pdf,Counselor Education,Education,111,Chapter 5: Discussion,0.650066977,discussion and conclusions,toc_analysis,DISCUSSION,319,True,accept
/projects/open_etds/etd/dissertation/23923/Chen_Z_D_2013.pdf,Electrical and Computer Engineering,Engineering,249,Chapter 8 Conclusions and Future Work,0.6419818669,recommendations for future research,toc_analysis,CONCLUSION|FUTURE_WORK,12,True,accept
/projects/open_etds/etd/dissertation/11060/WynnETD.pdf,Geological Sciences,Other,84,DISCUSSION,1.0,DISCUSSION,manual_labels,DISCUSSION,334,True,accept
/projects/open_etds/etd/dissertation/30269/Defense_mmital.pdf,Mechanical Engineering,Engineering,72,Chapter 7 Results and Discussion,0.6209007339,discussion and conclusions,toc_analysis,DISCUSSION,203,True,accept
/projects/open_etds/etd/dissertation/77532/Chen_F_D_2017.pdf,Electrical and Computer Engineering,Engineering,181,"Chapter 7. Summary, Conclusions and Future Work",0.7033532532,summary and conclusions,toc_analysis,CONCLUSION|FUTURE_WORK|SUMMARY,302,True,accept
/projects/open_etds/etd/dissertation/26119/finaletd.pdf,Instructional Technology,Education,162,CHAPTER FIVE: CONCLUSION,0.7348596031,conclusion,toc_analysis,CONCLUSION,28,True,accept
/projects/open_etds/etd/dissertation/73150/Pisipati_P_D_2015.pdf,Learning Sciences and Technologies,Education,170,Chapter 6 Conclusions and suggested future research,0.7412799242,recommendations for future research,toc_analysis,CONCLUSION|FUTURE_WORK,265,True,accept
/projects/open_etds/etd/dissertation/49581/Avirovik_D_D_2014.pdf,Mechanical Engineering,Engineering,169,6 Chapter 6 –Conclusions and Future Studies,0.6332002574,recommendations for future research,toc_analysis,CONCLUSION|FUTURE_WORK,233,True,accept
/projects/open_etds/etd/dissertation/50562/Atlayan_O_D_2013.pdf,Civil and Environmental Engineering,Engineering,171,CHAPTER 7: SUMMARY and CONCLUSION,0.7441678955,summary and conclusions,toc_analysis,CONCLUSION|SUMMARY,236,True,accept
/projects/open_etds/etd/dissertation/11228/Rosario_Dissertation.pdf,Chemistry,Sciences,202,Chapter 7: Summary and Conclusions,0.7778761365,summary and conclusions,toc_analysis,CONCLUSION|SUMMARY,5,True,accept
/projects/open_etds/etd/dissertation/28060/RM_Dissertation.pdf,Aerospace and Ocean Engineering,Engineering,232,Chapter 7 Conclusions,0.7268737822,overall conclusions,toc_analysis,CONCLUSION,124,True,accept
/projects/open_etds/etd/dissertation/26133/Amara_dissertation.pdf,Civil Engineering,Engineering,161,Chapter 6. RECOMMENDATIONS,0.7407212363,recommendations,toc_analysis,RECOMMENDATIONS,33,True,accept
/projects/open_etds/etd/dissertation/56628/Hollingsworth_WL_D_2014.pdf,Human Development,Social Sciences & Humanities,90,Chapter 5. Discussion,0.6290951309,discussion and conclusions,toc_analysis,DISCUSSION,252,True,accept
/projects/open_etds/etd/dissertation/29105/Dissertation_Xiaohai_Wang.pdf,Civil Engineering,Engineering,113,Chapter 5 Conclusions and discussions,0.7776566217,discussion and conclusions,toc_analysis,CONCLUSION|DISCUSSION,165,True,accept
/projects/open_etds/etd/dissertation/70976/Taheriandani_M_D_2016.pdf,Mechanical Engineering,Engineering,152,Chapter 10 Summary and Recommendations,0.625635376,summary and conclusions,toc_analysis,SUMMARY|RECOMMENDATIONS,259,True,accept
/projects/open_etds/etd/dissertation/77099/etd-06062008-093501_dommerthesistorg.pdf,Biology,Sciences,123,Chapter 4 Conclusions,,manual_conclusion,manual_labels,CONCLUSION,289,True,accept
/projects/open_etds/etd/dissertation/52893/Zheng_C_D_2015.pdf,Electrical and Computer Engineering,Engineering,177,Chapter 6 Conclusions and Future Work,0.6489694724,overall conclusions,toc_analysis,CONCLUSION|FUTURE_WORK,245,True,accept
/projects/open_etds/etd/dissertation/28395/Shane_Dissertation8-1.pdf,Chemistry,Sciences,139,5. CHAPTER 5: Recommendations for Future Work,0.7457376764,suggestions for future work,toc_analysis,FUTURE_WORK,140,True,accept
/projects/open_etds/etd/dissertation/26772/IKUMA-PhD.pdf,Electrical and Computer Engineering,Engineering,97,Chapter 5 CONCLUSIONS AND FUTURE DIRECTIONS,0.6593631247,overall conclusions,toc_analysis,CONCLUSION|FUTURE_WORK,64,True,accept
/projects/open_etds/etd/dissertation/39013/Disser99.pdf,Chemistry,Sciences,259,CHAPTER 9. RECOMMENDATIONS FOR FUTURE WORK,0.7541920929,suggestions for future work,toc_analysis,FUTURE_WORK,218,True,accept
/projects/open_etds/etd/dissertation/28333/Dissertation_Wan.pdf,Industrial and Systems Engineering,Engineering,163,Chapter 7 Conclusions,0.7093649334,conclusions,toc_analysis,CONCLUSION,137,True,accept
/projects/open_etds/etd/dissertation/28142/Dissertch1-4.pdf,Chemistry,Sciences,126,Chapter 4: Conclusions and Future Work,0.6382109049,recommendations for future research,toc_analysis,CONCLUSION|FUTURE_WORK,130,True,accept
/projects/open_etds/etd/dissertation/22028/Carrico_CA_D_2013.pdf,Engineering Education,Engineering,178,Chapter 5. Discussion and Conclusion,0.7402456274,discussion and conclusions,toc_analysis,CONCLUSION|DISCUSSION,9,True,accept
/projects/open_etds/etd/dissertation/26793/MelindaMcPhersonETD.pdf,Chemistry,Sciences,211,Chapter 6 Conclusions and Future Work,0.6489694724,overall conclusions,toc_analysis,CONCLUSION|FUTURE_WORK,66,True,accept
/projects/open_etds/etd/dissertation/25236/Gu_B_D_2014.pdf,Electrical and Computer Engineering,Engineering,173,Chapter 6 Conclusions and Future Works,0.6233594833,overall conclusions,toc_analysis,CONCLUSION|FUTURE_WORK,15,True,accept
/projects/open_etds/etd/dissertation/28970/Hyder_Z_D_2012.pdf,Mining and Minerals Engineering,Engineering,200,Chapter 9 - Research Conclusions and Future Work,0.600912391,recommendations for future research,toc_analysis,CONCLUSION|FUTURE_WORK,159,True,accept
/projects/open_etds/etd/dissertation/26309/MAM_Dissertation.pdf,Mechanical Engineering,Engineering,278,Chapter 5: Conclusions and Future Work,0.6422467529,recommendations for future research,toc_analysis,CONCLUSION|FUTURE_WORK,41,True,accept
/projects/open_etds/etd/dissertation/78233/Leber_AJ_D_2017.pdf,Animal and Poultry Sciences,Other,63,Chapter 5 Concluding remarks,,manual_conclusion,manual_labels,CONCLUSION,310,True,accept
/projects/open_etds/etd/dissertation/74049/Painter_MS_D_2017.pdf,Biological Sciences,Other,168,Chapter V. Conclusions,,manual_conclusion,manual_labels,CONCLUSION,275,True,accept
/projects/open_etds/etd/dissertation/39189/Chowdhury_S_D_2011.pdf,Macromolecular Science and Engineering,Engineering,248,Chapter 9 Conclusions,0.7454586654,conclusions,toc_analysis,CONCLUSION,219,True,accept
/projects/open_etds/etd/dissertation/77310/etd-01212010-182722_Rajasekaran_P_D_2009.pdf,Biomedical and Veterinary Sciences,Engineering,135,Overall Summary and Conclusion,,manual_conclusion,manual_labels,SUMMARY|CONCLUSION,294,True,accept
/projects/open_etds/etd/dissertation/50933/Kwansa_AL_D_2013.pdf,Biomedical Engineering,Engineering,85,Chapter 6: Summary,0.6169231794,summary and conclusions,toc_analysis,SUMMARY,239,True,accept
/projects/open_etds/etd/dissertation/37387/JiangWang_dissertation_final.pdf,Aerospace and Ocean Engineering,Engineering,151,Concluding Chapter,0.8065725209,concluding remarks,toc_analysis,CONCLUSION,210,True,accept
/projects/open_etds/etd/dissertation/38616/Pitt_Dissertation_Complete.pdf,Public and International Affairs,Social Sciences & Humanities,165,Chapter 6. Discussion and Conclusions,0.7650798499,discussion and conclusions,toc_analysis,CONCLUSION|DISCUSSION,215,True,accept
/projects/open_etds/etd/dissertation/77995/etd-12202010-143843_Amer_AM_D_2010.pdf,Civil Engineering,Engineering,134,Chapter 10 Conclusions and Recommendations,0.6971974635,overall conclusions,toc_analysis,CONCLUSION|RECOMMENDATIONS,308,True,accept
/projects/open_etds/etd/dissertation/64169/Reichl_JV_D_2015.pdf,Electrical and Computer Engineering,Engineering,141,Chapter 8 Conclusions and Future Work,0.6419818669,recommendations for future research,toc_analysis,CONCLUSION|FUTURE_WORK,254,True,accept
/projects/open_etds/etd/dissertation/81408/Im_J_D_2016.pdf,Architecture and Design Research,Social Sciences & Humanities,192,Chapter 7. Summary and Conclusion,0.7327323655,summary and conclusions,toc_analysis,CONCLUSION|SUMMARY,329,True,accept
/projects/open_etds/etd/dissertation/78008/Larson_NR_D_2017.pdf,Entomology,Sciences,151,CHAPTER 8: CONCLUSIONS AND SUMMARY,,manual_conclusion,manual_labels,CONCLUSION|SUMMARY,309,True,accept
/projects/open_etds/etd/dissertation/73766/Richmond_OB_D_2015.pdf,Veterinary Medicine,Health & Medical Sciences,111,Chapter 6: Summary and Conclusions,0.7793710323,summary and conclusions,toc_analysis,CONCLUSION|SUMMARY,272,True,accept
/projects/open_etds/etd/dissertation/30269/Defense_mmital.pdf,Mechanical Engineering,Engineering,94,Chapter 8 Conclusions and Recommendations,0.6747209672,overall conclusions,toc_analysis,CONCLUSION|RECOMMENDATIONS,204,True,accept
/projects/open_etds/etd/dissertation/29070/SElmasryETDbodytext.pdf,Architecture,Social Sciences & Humanities,128,CHAPTER 6 CONCLUSION AND INTERPRETIVE READINGS,0.6308017436,discussion and conclusions,toc_analysis,CONCLUSION|DISCUSSION,164,True,accept
/projects/open_etds/etd/dissertation/26415/dissfd.pdf,Teaching and Learning,Education,108,"CHAPTER 5: SUMMARY, CONCLUSIONS, & RECOMMENDATIONS",0.7352426862,summary and conclusions,toc_analysis,CONCLUSION|RECOMMENDATIONS|SUMMARY,44,True,accept
/projects/open_etds/etd/dissertation/39332/Wu_T_D_2012.pdf,Macromolecular Science and Engineering,Engineering,211,Chapter 8 Overall Conclusions,0.7581418309,overall conclusions,toc_analysis,CONCLUSION,220,True,accept
/projects/open_etds/etd/dissertation/29925/dissertation_wtang.pdf,Industrial and Systems Engineering,Engineering,128,CHAPTER 7 SUMMARY AND FURTURE RESEARCH DIRECTIONS,0.6056568609,recommendations for future research,toc_analysis,FUTURE_WORK|SUMMARY,193,True,accept
/projects/open_etds/etd/dissertation/72956/Han_Y_D_2016.pdf,Civil and Environmental Engineering,Engineering,95,CHAPTER 6: FUTURE WORK,0.6912203746,future work,toc_analysis,FUTURE_WORK,262,True,accept
/projects/open_etds/etd/dissertation/27735/Brian_Perkins_Dissertation.pdf,Wood Science and Forest Products,Agriculture & Environmental Sciences,133,"Chapter 6. Conclusions, Contributions, Limitations and Recommendations",0.6673265551,discussion and conclusions,toc_analysis,CONCLUSION|LIMITATIONS|RECOMMENDATIONS,107,True,accept
/projects/open_etds/etd/dissertation/26585/Brown_JMO_D_2010_f1.pdf,Human Development,Social Sciences & Humanities,78,"Chapter V: Discussion, Recommendations, and Conclusion",0.7330032863,discussion and conclusions,toc_analysis,CONCLUSION|DISCUSSION|RECOMMENDATIONS,54,True,accept
/projects/open_etds/etd/dissertation/11103/ETD-correct.pdf,Chemistry,Sciences,131,Chapter 8. Summary and Future Work,0.6003680287,suggestions for future work,toc_analysis,FUTURE_WORK|SUMMARY,2,True,accept
/projects/open_etds/etd/dissertation/26545/Anderson_DE_D_2010.pdf,Engineering Science and Mechanics,Engineering,111,Chapter 7 – Conclusions and Future Work,0.6080156728,discussion and conclusions,toc_analysis,CONCLUSION|FUTURE_WORK,50,True,accept
/projects/open_etds/etd/dissertation/27285/Dissertation_Prasun_Majumdar.pdf,Engineering Science and Mechanics,Engineering,125,Chapter 7: Conclusions and Recommendations,0.6695291482,summary and conclusions,toc_analysis,CONCLUSION|RECOMMENDATIONS,82,True,accept
/projects/open_etds/etd/dissertation/30632/diss.pdf,Geological Sciences,Other,72,CHAPTER 4: CONCLUSIONS,0.7454176309,conclusions,toc_analysis,CONCLUSION,208,True,accept
/projects/open_etds/etd/dissertation/26218/DISSERTATION_JungHunChoi_Final_Submission022406.pdf,Mechanical Engineering,Engineering,132,8 Concluding Remarks,0.6224689106,overall conclusions,manual_labels,CONCLUSION,35,True,accept
/projects/open_etds/etd/dissertation/73318/Hirani_AA_D_2015.pdf,Biomedical Engineering,Engineering,68,Chapter 5. Conclusions and Future Work,0.6288906266,overall conclusions,toc_analysis,CONCLUSION|FUTURE_WORK,266,True,accept
/projects/open_etds/etd/dissertation/27519/JDSchiffbauerPhDGeosciences.pdf,Geosciences,Sciences,449,17_CHAPTER 6 conclusions,0.7112216384,overall conclusions,toc_analysis,CONCLUSION,93,True,accept
/projects/open_etds/etd/dissertation/26585/Brown_JMO_D_2010_f1.pdf,Human Development,Social Sciences & Humanities,50,Chapter IV: Analysis and Research Findings,0.6000853413,research implications,toc_analysis,DISCUSSION,53,True,accept
/projects/open_etds/etd/dissertation/73380/Riebl_SK_D_2015.pdf,"Human Nutrition, Foods, and Exercise",Health & Medical Sciences,114,Chapter 4: Conclusions and Future Directions,0.6396745051,recommendations for future research,toc_analysis,CONCLUSION|FUTURE_WORK,267,True,accept
/projects/open_etds/etd/dissertation/52036/Wang_C_D_2013.pdf,Biological Systems Engineering,Engineering,161,Chapter 6. Conclusions and recommendatio,0.6649737566,overall conclusions,toc_analysis,CONCLUSION|RECOMMENDATIONS,244,True,accept
/projects/open_etds/etd/dissertation/24069/Al-Abbasi_OA_D_2013.pdf,Mechanical Engineering,Engineering,135,6 Chapter 6 – Conclusions and Recommendations,0.6263716745,discussion and conclusions,toc_analysis,CONCLUSION|RECOMMENDATIONS,14,True,accept
/projects/open_etds/etd/dissertation/27494/YamagiwaETD.pdf,Agricultural and Applied Economics,Business,141,Chapter 6. Discussion,0.6329236932,discussion and conclusions,toc_analysis,DISCUSSION,90,True,accept
/projects/open_etds/etd/dissertation/74271/Enget_KA_D_2015.pdf,Accounting and Information Systems,Engineering,110,Chapter 5: Discussion and Conclusion,0.7474982793,discussion and conclusions,toc_analysis,CONCLUSION|DISCUSSION,277,True,accept
/projects/open_etds/etd/dissertation/29195/Morris_JT_D_2010_v2.pdf,Science and Technology Studies,Social Sciences & Humanities,159,Chapter 6. Conclusions and Proposed Path Forward,0.6201771108,discussion and conclusions,toc_analysis,CONCLUSION|FUTURE_WORK,169,True,accept
/projects/open_etds/etd/dissertation/82347/Munger_ZW_D_2016.pdf,Geosciences,Sciences,137,CHAPTER 5. DISSERTATION SUMMARY AND FUTURE RESEARCH,0.6093828879,recommendations for future research,toc_analysis,FUTURE_WORK|SUMMARY,332,True,accept
/projects/open_etds/etd/dissertation/28291/ETD_Fred_D_Barlow_III.pdf,Electrical and Computer Engineering,Engineering,125,CHAPTER 9 Summary of Findings,0.6326994566,summary and conclusions,toc_analysis,SUMMARY,136,True,accept
/projects/open_etds/etd/dissertation/80946/Moore_WT_D_2017.pdf,"Human Nutrition, Foods and Exercise",Health & Medical Sciences,162,CHAPTER SIX Conclusions,,manual_conclusion,manual_labels,CONCLUSION,325,True,accept
/projects/open_etds/etd/dissertation/52940/Lisanti_MW_D_2015.pdf,Teaching and Learning,Education,189,Chapter 7: Discussion,0.6423678849,discussion and conclusions,toc_analysis,DISCUSSION,246,True,accept
/projects/open_etds/etd/dissertation/26591/CJonesDissertation-ColorFaceRecognition.pdf,Electrical and Computer Engineering,Engineering,116,Chapter 9 Conclusions,0.7361480038,conclusions,toc_analysis,CONCLUSION,55,True,accept
/projects/open_etds/etd/dissertation/26564/Reese_D_D.pdf,Teaching and Learning,Education,175,Chapter 5: Discussion,0.650066977,discussion and conclusions,toc_analysis,DISCUSSION,51,True,accept
/projects/open_etds/etd/dissertation/29521/RLShope_etd.pdf,Civil Engineering,Engineering,291,Chapter 11 SUMMARY AND CONCLUSIONS,0.6969183788,summary and conclusions,toc_analysis,CONCLUSION|SUMMARY,177,True,accept
/projects/open_etds/etd/dissertation/29913/Diffusion_Innovation.pdf,Curriculum and Instruction,Education,80,Chapter Five: Conclusion,0.7423193628,conclusion,toc_analysis,CONCLUSION,192,True,accept
/projects/open_etds/etd/dissertation/74003/Bateman_TA_D_2017.pdf,Psychology,Other,91,Conclusions,1.0,conclusion,manual_labels,,337,True,accept
/projects/open_etds/etd/dissertation/29808/CharlesWJamesJrDissertation1.pdf,Chemical Engineering,Engineering,130,Chapter 6 Conclusions and Future work.doc,0.6106793497,discussion and conclusions,toc_analysis,CONCLUSION|FUTURE_WORK,190,True,accept
/projects/open_etds/etd/dissertation/29287/silva.pdf,Human Development,Social Sciences & Humanities,214,"Chapter 6 Analysis, Conclusions, and Recommendations",0.6570961663,summary and conclusions,toc_analysis,CONCLUSION|RECOMMENDATIONS,172,True,accept
/projects/open_etds/etd/dissertation/26739/Chapters_1-5.pdf,Human Development,Social Sciences & Humanities,137,CHAPTER 5: CONCLUSIONS AND RECOMMENDATIONS,0.6699565813,overall conclusions,toc_analysis,CONCLUSION|RECOMMENDATIONS,59,True,accept
/projects/open_etds/etd/dissertation/26524/OberDissertationFinal.pdf,Veterinary Medical Sciences,Health & Medical Sciences,269,Chapter VII: Conclusion,0.7338363032,concluding remarks,toc_analysis,CONCLUSION,49,True,accept
/projects/open_etds/etd/dissertation/50625/Abdelaziz_SA_D_2013.pdf,Civil and Environmental Engineering,Engineering,365,Chapter 9. CONCLUSIONS AND POTENTIALS FOR FUTURE RESEARCH,0.6718695806,recommendations for future research,toc_analysis,CONCLUSION|FUTURE_WORK,238,True,accept
/projects/open_etds/etd/dissertation/64422/Youngstrom_DW_D_2015.pdf,Veterinary Medicine,Health & Medical Sciences,124,CHAPTER 7: CONCLUSIONS AND FUTURE RESEARCH,0.6973012816,recommendations for future research,toc_analysis,CONCLUSION|FUTURE_WORK,255,True,accept
/projects/open_etds/etd/dissertation/25981/RBdist.pdf,Geological Sciences,Other,155,Chapter 7. DISCUSSION,0.6131888446,discussion and conclusions,toc_analysis,DISCUSSION,22,True,accept
/projects/open_etds/etd/dissertation/79488/Liang_L_D_2017.pdf,Forest Resources and Environmental Conservation,Agriculture & Environmental Sciences,151,7 Summary and Conclusions,,manual_conclusion,manual_labels,SUMMARY|CONCLUSION,317,True,accept
/projects/open_etds/etd/dissertation/29067/etd_kenji_homma.pdf,Mechanical Engineering,Engineering,192,Chapter 5Conclusions and Recommendations,0.655600556,overall conclusions,toc_analysis,CONCLUSION|RECOMMENDATIONS,163,True,accept
/projects/open_etds/etd/dissertation/74974/Kauffman_JS_D_2017.pdf,Geography,Other,136,Chapter 5 Conclusion,,manual_conclusion,manual_labels,CONCLUSION,280,True,accept
/projects/open_etds/etd/dissertation/29953/JS_thesis.pdf,Chemistry,Sciences,103,CHAPTER 8: CONCLUSIONS,0.7427966831,conclusions,toc_analysis,CONCLUSION,194,True,accept
/projects/open_etds/etd/dissertation/77354/etd-01262011-103426_Farjoud_A_D_2011.pdf,Mechanical Engineering,Engineering,300,Chapter 9 Summary and Conclusion,0.6811776833,summary and conclusions,toc_analysis,CONCLUSION|SUMMARY,297,True,accept
/projects/open_etds/etd/dissertation/71862/Aleyao_B_D_2016.pdf,School of Public and International Affairs,Social Sciences & Humanities,106,CHAPTER FIVE KEY FINDINGS AND CONCLUSIONS,,manual_conclusion,manual_labels,CONCLUSION,260,True,accept
/projects/open_etds/etd/dissertation/78732/Donoughe_K_D_2016.pdf,Civil Engineering,Engineering,166,Chapter 9 - Conclusions - done,0.6450865405,concluding thoughts,toc_analysis,CONCLUSION,312,True,accept
/projects/open_etds/etd/dissertation/28767/01MspringstonDissertation.pdf,Teaching and Learning,Education,197,"Chapter 5. Summary, Conclusions, and Recommendations",0.7395221748,summary and conclusions,toc_analysis,CONCLUSION|RECOMMENDATIONS|SUMMARY,151,True,accept
/projects/open_etds/etd/dissertation/28223/Patrick_Neyman_PhD_Dissertation.pdf,Macromolecular Science and Engineering,Engineering,234,Chapter 6 Conclusions,0.718152964,conclusions,toc_analysis,CONCLUSION,132,True,accept
/projects/open_etds/etd/dissertation/28871/RennoDissertation.pdf,Mechanical Engineering,Engineering,168,SUMMARY AND CONCLUSIONS,0.6718252103,summary and conclusions,toc_analysis,SUMMARY|CONCLUSION,154,True,accept
/projects/open_etds/etd/dissertation/27605/MokaremDissertation.pdf,Civil Engineering,Engineering,118,CHAPTER 8: RECOMMENDATIONS,0.7407492589,recommendations,toc_analysis,RECOMMENDATIONS,101,True,accept
/projects/open_etds/etd/dissertation/27494/YamagiwaETD.pdf,Agricultural and Applied Economics,Business,253,Chapter 11. Summary and conclusions,0.7273130259,summary and conclusions,toc_analysis,CONCLUSION|SUMMARY,89,True,accept
/projects/open_etds/etd/dissertation/38737/Sen_S_D_2011.pdf,Geospatial and Environmental Analysis,Agriculture & Environmental Sciences,133,Chapter 7 Conclusions,0.7268737822,overall conclusions,toc_analysis,CONCLUSION,217,True,accept
/projects/open_etds/etd/dissertation/28040/XU2006.pdf,Management,Business,102,Chapter VI CONCLUSION,0.688334477,conclusion,toc_analysis,CONCLUSION,123,True,accept
/projects/open_etds/etd/dissertation/74003/Bateman_TA_D_2017.pdf,Psychology,Other,82,General Discussion,1.0,discussion,manual_labels,,338,True,accept
/projects/open_etds/etd/dissertation/25960/Jun_Zheng_Dissertation.pdf,Wood Science and Forest Products,Agriculture & Environmental Sciences,212,Chapter 10. Conclusions,0.7631596947,conclusions,toc_analysis,CONCLUSION,21,True,accept
/projects/open_etds/etd/dissertation/29889/olsen_dissertation.pdf,Industrial and Systems Engineering,Engineering,142,CHAPTER 5: CONCLUSION AND DISCUSSION,0.7283743684,discussion and conclusions,toc_analysis,CONCLUSION|DISCUSSION,191,True,accept
/projects/open_etds/etd/dissertation/27015/HughesLE_dissertation.pdf,Industrial and Systems Engineering,Engineering,106,Chapter 6: Conclusions,0.7404899033,conclusions,toc_analysis,CONCLUSION,73,True,accept
/projects/open_etds/etd/dissertation/27737/Ray_PP_D_2012.pdf,Dairy Science,Sciences,135,Chapter 6 CONCLUSIONS,0.7657702788,overall conclusions,toc_analysis,CONCLUSION,108,True,accept
/projects/open_etds/etd/dissertation/73871/Stokes_M_D_2015.pdf,School of Public and International Affairs,Social Sciences & Humanities,138,Chapter 6: Discussion,0.6557705355,discussion and conclusions,toc_analysis,DISCUSSION,273,True,accept
/projects/open_etds/etd/dissertation/27714/MatthewCashionDissertation.pdf,Chemistry,Sciences,232,Chapter 10. Future Work,0.6806783421,future work,toc_analysis,FUTURE_WORK,104,True,accept
